{
  "accuracy": 0.8582345576638538,
  "precision": 0.2525705246506723,
  "recall": 0.38590130916414905,
  "f1": 0.30531431758425626,
  "roc_auc": 0.7544768275519638
}